from,to
VANCOUVER,TORONTO
TORONTO,VANCOUVER
CHURCHILL,WINNIPEG
MONTRÉAL,QUÉBEC
OTTAWA,QUÉBEC
QUÉBEC,OTTAWA
OTTAWA,TORONTO
TORONTO,OTTAWA
TORONTO,MONTRÉAL
MONTRÉAL,TORONTO
TORONTO,WINDSOR
WINDSOR,TORONTO
LONDON,TORONTO
SARNIA,TORONTO
TORONTO,NIAGARA FALLS
MONTRÉAL,SENNETERRE
HALIFAX,MONTRÉAL
MONTRÉAL,JONQUIÈRE
PRINCE RUPERT,JASPER
WHITE RIVER,SUDBURY
JASPER,PRINCE RUPERT
MONTRÉAL,OTTAWA
THE PAS,CHURCHILL
WINDSOR,MIMC
TORONTO,LONDON
TORONTO,SARNIA
QUÉBEC,MONTRÉAL
OTTAWA,MONTRÉAL
MONTRÉAL,HALIFAX
NIAGARA FALLS,TORONTO
